ticker,status,rows,first_date,last_date,expected_last_date,file
AAM,partial,345,16/09/2024,30/01/2026,30/01/2026,C:\Users\anish\PycharmProjects\ALGO-Stocks\data\raw\prices_daily\twelvedata\parquets\AAM.parquet
ABSI,partial,1137,22/07/2021,30/01/2026,30/01/2026,C:\Users\anish\PycharmProjects\ALGO-Stocks\data\raw\prices_daily\twelvedata\parquets\ABSI.parquet
ACDC,partial,932,13/05/2022,30/01/2026,30/01/2026,C:\Users\anish\PycharmProjects\ALGO-Stocks\data\raw\prices_daily\twelvedata\parquets\ACDC.parquet
ACLX,partial,1001,04/02/2022,30/01/2026,30/01/2026,C:\Users\anish\PycharmProjects\ALGO-Stocks\data\raw\prices_daily\twelvedata\parquets\ACLX.parquet
ACT,partial,1098,16/09/2021,30/01/2026,30/01/2026,C:\Users\anish\PycharmProjects\ALGO-Stocks\data\raw\prices_daily\twelvedata\parquets\ACT.parquet
AD,partial,123,06/08/2025,30/01/2026,30/01/2026,C:\Users\anish\PycharmProjects\ALGO-Stocks\data\raw\prices_daily\twelvedata\parquets\AD.parquet
AESI,partial,727,09/03/2023,30/01/2026,30/01/2026,C:\Users\anish\PycharmProjects\ALGO-Stocks\data\raw\prices_daily\twelvedata\parquets\AESI.parquet
AEXA,partial,87,26/09/2025,30/01/2026,30/01/2026,C:\Users\anish\PycharmProjects\ALGO-Stocks\data\raw\prices_daily\twelvedata\parquets\AEXA.parquet
AFJK,partial,509,22/01/2024,30/01/2026,30/01/2026,C:\Users\anish\PycharmProjects\ALGO-Stocks\data\raw\prices_daily\twelvedata\parquets\AFJK.parquet
AII,partial,184,08/05/2025,30/01/2026,30/01/2026,C:\Users\anish\PycharmProjects\ALGO-Stocks\data\raw\prices_daily\twelvedata\parquets\AII.parquet
AIOT,partial,403,24/06/2024,30/01/2026,30/01/2026,C:\Users\anish\PycharmProjects\ALGO-Stocks\data\raw\prices_daily\twelvedata\parquets\AIOT.parquet
AIP,partial,1069,27/10/2021,30/01/2026,30/01/2026,C:\Users\anish\PycharmProjects\ALGO-Stocks\data\raw\prices_daily\twelvedata\parquets\AIP.parquet
AIRO,partial,314,04/01/2021,30/01/2026,30/01/2026,C:\Users\anish\PycharmProjects\ALGO-Stocks\data\raw\prices_daily\twelvedata\parquets\AIRO.parquet
AKTS,partial,1186,04/01/2021,30/01/2026,30/01/2026,C:\Users\anish\PycharmProjects\ALGO-Stocks\data\raw\prices_daily\twelvedata\parquets\AKTS.parquet
ALAB,partial,468,20/03/2024,30/01/2026,30/01/2026,C:\Users\anish\PycharmProjects\ALGO-Stocks\data\raw\prices_daily\twelvedata\parquets\ALAB.parquet
ALDF,partial,282,13/12/2024,30/01/2026,30/01/2026,C:\Users\anish\PycharmProjects\ALGO-Stocks\data\raw\prices_daily\twelvedata\parquets\ALDF.parquet
ALF,partial,791,04/05/2021,30/01/2026,30/01/2026,C:\Users\anish\PycharmProjects\ALGO-Stocks\data\raw\prices_daily\twelvedata\parquets\ALF.parquet
ALH,partial,78,09/10/2025,30/01/2026,30/01/2026,C:\Users\anish\PycharmProjects\ALGO-Stocks\data\raw\prices_daily\twelvedata\parquets\ALH.parquet
ALMS,partial,399,28/06/2024,30/01/2026,30/01/2026,C:\Users\anish\PycharmProjects\ALGO-Stocks\data\raw\prices_daily\twelvedata\parquets\ALMS.parquet
ALTI,partial,1197,27/04/2021,30/01/2026,30/01/2026,C:\Users\anish\PycharmProjects\ALGO-Stocks\data\raw\prices_daily\twelvedata\parquets\ALTI.parquet
ALUB,partial,18,06/01/2026,30/01/2026,30/01/2026,C:\Users\anish\PycharmProjects\ALGO-Stocks\data\raw\prices_daily\twelvedata\parquets\ALUB.parquet
AMBQ,partial,128,30/07/2025,30/01/2026,30/01/2026,C:\Users\anish\PycharmProjects\ALGO-Stocks\data\raw\prices_daily\twelvedata\parquets\AMBQ.parquet
AMLX,partial,1019,07/01/2022,30/01/2026,30/01/2026,C:\Users\anish\PycharmProjects\ALGO-Stocks\data\raw\prices_daily\twelvedata\parquets\AMLX.parquet
AMPL,partial,1090,28/09/2021,30/01/2026,30/01/2026,C:\Users\anish\PycharmProjects\ALGO-Stocks\data\raw\prices_daily\twelvedata\parquets\AMPL.parquet
AMPX,partial,847,15/09/2022,30/01/2026,30/01/2026,C:\Users\anish\PycharmProjects\ALGO-Stocks\data\raw\prices_daily\twelvedata\parquets\AMPX.parquet
AMTM,partial,339,24/09/2024,30/01/2026,30/01/2026,C:\Users\anish\PycharmProjects\ALGO-Stocks\data\raw\prices_daily\twelvedata\parquets\AMTM.parquet
ANDG,partial,30,17/12/2025,30/01/2026,30/01/2026,C:\Users\anish\PycharmProjects\ALGO-Stocks\data\raw\prices_daily\twelvedata\parquets\ANDG.parquet
ANGX,partial,98,11/09/2025,30/01/2026,30/01/2026,C:\Users\anish\PycharmProjects\ALGO-Stocks\data\raw\prices_daily\twelvedata\parquets\ANGX.parquet
ANRO,partial,500,02/02/2024,30/01/2026,30/01/2026,C:\Users\anish\PycharmProjects\ALGO-Stocks\data\raw\prices_daily\twelvedata\parquets\ANRO.parquet
ANSC,partial,521,03/01/2024,30/01/2026,30/01/2026,C:\Users\anish\PycharmProjects\ALGO-Stocks\data\raw\prices_daily\twelvedata\parquets\ANSC.parquet
APGE,partial,640,14/07/2023,30/01/2026,30/01/2026,C:\Users\anish\PycharmProjects\ALGO-Stocks\data\raw\prices_daily\twelvedata\parquets\APGE.parquet
APXT,partial,176,04/01/2021,30/01/2026,30/01/2026,C:\Users\anish\PycharmProjects\ALGO-Stocks\data\raw\prices_daily\twelvedata\parquets\APXT.parquet
ARDT,partial,386,18/07/2024,30/01/2026,30/01/2026,C:\Users\anish\PycharmProjects\ALGO-Stocks\data\raw\prices_daily\twelvedata\parquets\ARDT.parquet
ARHS,partial,1063,04/11/2021,30/01/2026,30/01/2026,C:\Users\anish\PycharmProjects\ALGO-Stocks\data\raw\prices_daily\twelvedata\parquets\ARHS.parquet
ARTCU,partial,18,06/01/2026,30/01/2026,30/01/2026,C:\Users\anish\PycharmProjects\ALGO-Stocks\data\raw\prices_daily\twelvedata\parquets\ARTCU.parquet
ASIC,partial,161,11/06/2025,30/01/2026,30/01/2026,C:\Users\anish\PycharmProjects\ALGO-Stocks\data\raw\prices_daily\twelvedata\parquets\ASIC.parquet
ASPI,partial,807,10/11/2022,30/01/2026,30/01/2026,C:\Users\anish\PycharmProjects\ALGO-Stocks\data\raw\prices_daily\twelvedata\parquets\ASPI.parquet
ASST,partial,750,03/02/2023,30/01/2026,30/01/2026,C:\Users\anish\PycharmProjects\ALGO-Stocks\data\raw\prices_daily\twelvedata\parquets\ASST.parquet
ATAI,partial,1163,18/06/2021,30/01/2026,30/01/2026,C:\Users\anish\PycharmProjects\ALGO-Stocks\data\raw\prices_daily\twelvedata\parquets\ATAI.parquet
ATII,partial,208,03/04/2025,30/01/2026,30/01/2026,C:\Users\anish\PycharmProjects\ALGO-Stocks\data\raw\prices_daily\twelvedata\parquets\ATII.parquet
ATMU,partial,672,26/05/2023,30/01/2026,30/01/2026,C:\Users\anish\PycharmProjects\ALGO-Stocks\data\raw\prices_daily\twelvedata\parquets\ATMU.parquet
ATXS,partial,1270,04/01/2021,23/01/2026,30/01/2026,C:\Users\anish\PycharmProjects\ALGO-Stocks\data\raw\prices_daily\twelvedata\parquets\ATXS.parquet
AUGO,partial,138,16/07/2025,30/01/2026,30/01/2026,C:\Users\anish\PycharmProjects\ALGO-Stocks\data\raw\prices_daily\twelvedata\parquets\AUGO.parquet
AUR,partial,1188,10/05/2021,30/01/2026,30/01/2026,C:\Users\anish\PycharmProjects\ALGO-Stocks\data\raw\prices_daily\twelvedata\parquets\AUR.parquet
AURA,partial,1067,29/10/2021,30/01/2026,30/01/2026,C:\Users\anish\PycharmProjects\ALGO-Stocks\data\raw\prices_daily\twelvedata\parquets\AURA.parquet
AVAH,partial,1196,28/04/2021,30/01/2026,30/01/2026,C:\Users\anish\PycharmProjects\ALGO-Stocks\data\raw\prices_daily\twelvedata\parquets\AVAH.parquet
AVBC,partial,126,01/08/2025,30/01/2026,30/01/2026,C:\Users\anish\PycharmProjects\ALGO-Stocks\data\raw\prices_daily\twelvedata\parquets\AVBC.parquet
AVBP,partial,505,26/01/2024,30/01/2026,30/01/2026,C:\Users\anish\PycharmProjects\ALGO-Stocks\data\raw\prices_daily\twelvedata\parquets\AVBP.parquet
BACQ,partial,291,02/12/2024,30/01/2026,30/01/2026,C:\Users\anish\PycharmProjects\ALGO-Stocks\data\raw\prices_daily\twelvedata\parquets\BACQ.parquet
BALY,partial,287,06/12/2024,30/01/2026,30/01/2026,C:\Users\anish\PycharmProjects\ALGO-Stocks\data\raw\prices_daily\twelvedata\parquets\BALY.parquet
BAM,partial,793,01/12/2022,30/01/2026,30/01/2026,C:\Users\anish\PycharmProjects\ALGO-Stocks\data\raw\prices_daily\twelvedata\parquets\BAM.parquet
BBBY,partial,739,04/01/2021,30/01/2026,30/01/2026,C:\Users\anish\PycharmProjects\ALGO-Stocks\data\raw\prices_daily\twelvedata\parquets\BBBY.parquet
BBCQ,partial,3,28/01/2026,30/01/2026,30/01/2026,C:\Users\anish\PycharmProjects\ALGO-Stocks\data\raw\prices_daily\twelvedata\parquets\BBCQ.parquet
BBNX,partial,252,30/01/2025,30/01/2026,30/01/2026,C:\Users\anish\PycharmProjects\ALGO-Stocks\data\raw\prices_daily\twelvedata\parquets\BBNX.parquet
BBOT,partial,123,06/08/2025,30/01/2026,30/01/2026,C:\Users\anish\PycharmProjects\ALGO-Stocks\data\raw\prices_daily\twelvedata\parquets\BBOT.parquet
BBT,partial,107,28/08/2025,30/01/2026,30/01/2026,C:\Users\anish\PycharmProjects\ALGO-Stocks\data\raw\prices_daily\twelvedata\parquets\BBT.parquet
BBUC,partial,976,07/03/2022,30/01/2026,30/01/2026,C:\Users\anish\PycharmProjects\ALGO-Stocks\data\raw\prices_daily\twelvedata\parquets\BBUC.parquet
BCAR,partial,113,20/08/2025,30/01/2026,30/01/2026,C:\Users\anish\PycharmProjects\ALGO-Stocks\data\raw\prices_daily\twelvedata\parquets\BCAR.parquet
BCAX,partial,346,13/09/2024,30/01/2026,30/01/2026,C:\Users\anish\PycharmProjects\ALGO-Stocks\data\raw\prices_daily\twelvedata\parquets\BCAX.parquet
BCSS,partial,48,20/11/2025,30/01/2026,30/01/2026,C:\Users\anish\PycharmProjects\ALGO-Stocks\data\raw\prices_daily\twelvedata\parquets\BCSS.parquet
BDCI,partial,73,16/10/2025,30/01/2026,30/01/2026,C:\Users\anish\PycharmProjects\ALGO-Stocks\data\raw\prices_daily\twelvedata\parquets\BDCI.parquet
BEAG,partial,483,04/01/2021,30/01/2026,30/01/2026,C:\Users\anish\PycharmProjects\ALGO-Stocks\data\raw\prices_daily\twelvedata\parquets\BEAG.parquet
BETA,partial,60,04/11/2025,30/01/2026,30/01/2026,C:\Users\anish\PycharmProjects\ALGO-Stocks\data\raw\prices_daily\twelvedata\parquets\BETA.parquet
BETR,partial,1194,30/04/2021,30/01/2026,30/01/2026,C:\Users\anish\PycharmProjects\ALGO-Stocks\data\raw\prices_daily\twelvedata\parquets\BETR.parquet
BHVN,partial,841,23/09/2022,30/01/2026,30/01/2026,C:\Users\anish\PycharmProjects\ALGO-Stocks\data\raw\prices_daily\twelvedata\parquets\BHVN.parquet
BIOA,partial,337,26/09/2024,30/01/2026,30/01/2026,C:\Users\anish\PycharmProjects\ALGO-Stocks\data\raw\prices_daily\twelvedata\parquets\BIOA.parquet
BIXI,partial,30,17/12/2025,30/01/2026,30/01/2026,C:\Users\anish\PycharmProjects\ALGO-Stocks\data\raw\prices_daily\twelvedata\parquets\BIXI.parquet
BKV,partial,337,26/09/2024,30/01/2026,30/01/2026,C:\Users\anish\PycharmProjects\ALGO-Stocks\data\raw\prices_daily\twelvedata\parquets\BKV.parquet
BLLN,partial,58,06/11/2025,30/01/2026,30/01/2026,C:\Users\anish\PycharmProjects\ALGO-Stocks\data\raw\prices_daily\twelvedata\parquets\BLLN.parquet
BLND,partial,1141,16/07/2021,30/01/2026,30/01/2026,C:\Users\anish\PycharmProjects\ALGO-Stocks\data\raw\prices_daily\twelvedata\parquets\BLND.parquet
BLTE,partial,942,29/04/2022,30/01/2026,30/01/2026,C:\Users\anish\PycharmProjects\ALGO-Stocks\data\raw\prices_daily\twelvedata\parquets\BLTE.parquet
BLZR,partial,62,31/10/2025,30/01/2026,30/01/2026,C:\Users\anish\PycharmProjects\ALGO-Stocks\data\raw\prices_daily\twelvedata\parquets\BLZR.parquet
BOW,partial,423,23/05/2024,30/01/2026,30/01/2026,C:\Users\anish\PycharmProjects\ALGO-Stocks\data\raw\prices_daily\twelvedata\parquets\BOW.parquet
BPRE,partial,31,16/12/2025,30/01/2026,30/01/2026,C:\Users\anish\PycharmProjects\ALGO-Stocks\data\raw\prices_daily\twelvedata\parquets\BPRE.parquet
BRCB,partial,97,12/09/2025,30/01/2026,30/01/2026,C:\Users\anish\PycharmProjects\ALGO-Stocks\data\raw\prices_daily\twelvedata\parquets\BRCB.parquet
BROS,partial,1099,15/09/2021,30/01/2026,30/01/2026,C:\Users\anish\PycharmProjects\ALGO-Stocks\data\raw\prices_daily\twelvedata\parquets\BROS.parquet
BRZE,partial,1054,17/11/2021,30/01/2026,30/01/2026,C:\Users\anish\PycharmProjects\ALGO-Stocks\data\raw\prices_daily\twelvedata\parquets\BRZE.parquet
BTGO,partial,8,21/01/2026,30/01/2026,30/01/2026,C:\Users\anish\PycharmProjects\ALGO-Stocks\data\raw\prices_daily\twelvedata\parquets\BTGO.parquet
BTSG,partial,505,26/01/2024,30/01/2026,30/01/2026,C:\Users\anish\PycharmProjects\ALGO-Stocks\data\raw\prices_daily\twelvedata\parquets\BTSG.parquet
BULL,partial,830,22/08/2022,30/01/2026,30/01/2026,C:\Users\anish\PycharmProjects\ALGO-Stocks\data\raw\prices_daily\twelvedata\parquets\BULL.parquet
BWMN,partial,1189,07/05/2021,30/01/2026,30/01/2026,C:\Users\anish\PycharmProjects\ALGO-Stocks\data\raw\prices_daily\twelvedata\parquets\BWMN.parquet
BXSL,partial,1068,28/10/2021,30/01/2026,30/01/2026,C:\Users\anish\PycharmProjects\ALGO-Stocks\data\raw\prices_daily\twelvedata\parquets\BXSL.parquet
CADL,partial,1135,27/07/2021,30/01/2026,30/01/2026,C:\Users\anish\PycharmProjects\ALGO-Stocks\data\raw\prices_daily\twelvedata\parquets\CADL.parquet
CAEP,partial,151,26/06/2025,30/01/2026,30/01/2026,C:\Users\anish\PycharmProjects\ALGO-Stocks\data\raw\prices_daily\twelvedata\parquets\CAEP.parquet
CAI,partial,156,18/06/2025,30/01/2026,30/01/2026,C:\Users\anish\PycharmProjects\ALGO-Stocks\data\raw\prices_daily\twelvedata\parquets\CAI.parquet
CARL,partial,133,23/07/2025,30/01/2026,30/01/2026,C:\Users\anish\PycharmProjects\ALGO-Stocks\data\raw\prices_daily\twelvedata\parquets\CARL.parquet
CART,partial,594,19/09/2023,30/01/2026,30/01/2026,C:\Users\anish\PycharmProjects\ALGO-Stocks\data\raw\prices_daily\twelvedata\parquets\CART.parquet
CAVA,partial,658,16/06/2023,30/01/2026,30/01/2026,C:\Users\anish\PycharmProjects\ALGO-Stocks\data\raw\prices_daily\twelvedata\parquets\CAVA.parquet
CBC,partial,47,21/11/2025,30/01/2026,30/01/2026,C:\Users\anish\PycharmProjects\ALGO-Stocks\data\raw\prices_daily\twelvedata\parquets\CBC.parquet
CBK,partial,83,02/10/2025,30/01/2026,30/01/2026,C:\Users\anish\PycharmProjects\ALGO-Stocks\data\raw\prices_daily\twelvedata\parquets\CBK.parquet
CBLL,partial,326,11/10/2024,30/01/2026,30/01/2026,C:\Users\anish\PycharmProjects\ALGO-Stocks\data\raw\prices_daily\twelvedata\parquets\CBLL.parquet
CCC,partial,285,03/01/2021,30/01/2026,30/01/2026,C:\Users\anish\PycharmProjects\ALGO-Stocks\data\raw\prices_daily\twelvedata\parquets\CCC.parquet
CCCX,partial,145,07/07/2025,30/01/2026,30/01/2026,C:\Users\anish\PycharmProjects\ALGO-Stocks\data\raw\prices_daily\twelvedata\parquets\CCCX.parquet
CCII,partial,111,22/08/2025,30/01/2026,30/01/2026,C:\Users\anish\PycharmProjects\ALGO-Stocks\data\raw\prices_daily\twelvedata\parquets\CCII.parquet
CCIX,partial,404,21/06/2024,30/01/2026,30/01/2026,C:\Users\anish\PycharmProjects\ALGO-Stocks\data\raw\prices_daily\twelvedata\parquets\CCIX.parquet
CCSI,partial,1088,30/09/2021,30/01/2026,30/01/2026,C:\Users\anish\PycharmProjects\ALGO-Stocks\data\raw\prices_daily\twelvedata\parquets\CCSI.parquet
CCXIU,partial,30,17/12/2025,30/01/2026,30/01/2026,C:\Users\anish\PycharmProjects\ALGO-Stocks\data\raw\prices_daily\twelvedata\parquets\CCXIU.parquet
CDRE,partial,1063,04/11/2021,30/01/2026,30/01/2026,C:\Users\anish\PycharmProjects\ALGO-Stocks\data\raw\prices_daily\twelvedata\parquets\CDRE.parquet
CEG,partial,1012,19/01/2022,30/01/2026,30/01/2026,C:\Users\anish\PycharmProjects\ALGO-Stocks\data\raw\prices_daily\twelvedata\parquets\CEG.parquet
CEPF,partial,112,21/08/2025,30/01/2026,30/01/2026,C:\Users\anish\PycharmProjects\ALGO-Stocks\data\raw\prices_daily\twelvedata\parquets\CEPF.parquet
CEPT,partial,188,02/05/2025,30/01/2026,30/01/2026,C:\Users\anish\PycharmProjects\ALGO-Stocks\data\raw\prices_daily\twelvedata\parquets\CEPT.parquet
CEPV,partial,60,04/11/2025,30/01/2026,30/01/2026,C:\Users\anish\PycharmProjects\ALGO-Stocks\data\raw\prices_daily\twelvedata\parquets\CEPV.parquet
CFLT,partial,1156,24/06/2021,30/01/2026,30/01/2026,C:\Users\anish\PycharmProjects\ALGO-Stocks\data\raw\prices_daily\twelvedata\parquets\CFLT.parquet
CGCT,partial,153,24/06/2025,30/01/2026,30/01/2026,C:\Users\anish\PycharmProjects\ALGO-Stocks\data\raw\prices_daily\twelvedata\parquets\CGCT.parquet
CGON,partial,506,25/01/2024,30/01/2026,30/01/2026,C:\Users\anish\PycharmProjects\ALGO-Stocks\data\raw\prices_daily\twelvedata\parquets\CGON.parquet
CHAC,partial,177,19/05/2025,30/01/2026,30/01/2026,C:\Users\anish\PycharmProjects\ALGO-Stocks\data\raw\prices_daily\twelvedata\parquets\CHAC.parquet
CHYM,partial,160,12/06/2025,30/01/2026,30/01/2026,C:\Users\anish\PycharmProjects\ALGO-Stocks\data\raw\prices_daily\twelvedata\parquets\CHYM.parquet
CION,partial,1086,05/10/2021,30/01/2026,30/01/2026,C:\Users\anish\PycharmProjects\ALGO-Stocks\data\raw\prices_daily\twelvedata\parquets\CION.parquet
CIVI,partial,1274,04/01/2021,29/01/2026,30/01/2026,C:\Users\anish\PycharmProjects\ALGO-Stocks\data\raw\prices_daily\twelvedata\parquets\CIVI.parquet
CLYM,partial,337,26/09/2024,30/01/2026,30/01/2026,C:\Users\anish\PycharmProjects\ALGO-Stocks\data\raw\prices_daily\twelvedata\parquets\CLYM.parquet
CNM,partial,1137,22/07/2021,30/01/2026,30/01/2026,C:\Users\anish\PycharmProjects\ALGO-Stocks\data\raw\prices_daily\twelvedata\parquets\CNM.parquet
COCO,partial,1073,21/10/2021,30/01/2026,30/01/2026,C:\Users\anish\PycharmProjects\ALGO-Stocks\data\raw\prices_daily\twelvedata\parquets\COCO.parquet
CON,partial,381,25/07/2024,30/01/2026,30/01/2026,C:\Users\anish\PycharmProjects\ALGO-Stocks\data\raw\prices_daily\twelvedata\parquets\CON.parquet
CORZ,partial,507,24/01/2024,30/01/2026,30/01/2026,C:\Users\anish\PycharmProjects\ALGO-Stocks\data\raw\prices_daily\twelvedata\parquets\CORZ.parquet
COSO,partial,184,08/05/2025,30/01/2026,30/01/2026,C:\Users\anish\PycharmProjects\ALGO-Stocks\data\raw\prices_daily\twelvedata\parquets\COSO.parquet
CPAY,partial,470,18/03/2024,30/01/2026,30/01/2026,C:\Users\anish\PycharmProjects\ALGO-Stocks\data\raw\prices_daily\twelvedata\parquets\CPAY.parquet
CR,partial,713,29/03/2023,30/01/2026,30/01/2026,C:\Users\anish\PycharmProjects\ALGO-Stocks\data\raw\prices_daily\twelvedata\parquets\CR.parquet
CRAN,partial,14,12/01/2026,30/01/2026,30/01/2026,C:\Users\anish\PycharmProjects\ALGO-Stocks\data\raw\prices_daily\twelvedata\parquets\CRAN.parquet
CRAQ,partial,154,23/06/2025,30/01/2026,30/01/2026,C:\Users\anish\PycharmProjects\ALGO-Stocks\data\raw\prices_daily\twelvedata\parquets\CRAQ.parquet
CRBG,partial,847,16/09/2022,30/01/2026,30/01/2026,C:\Users\anish\PycharmProjects\ALGO-Stocks\data\raw\prices_daily\twelvedata\parquets\CRBG.parquet
CRCL,partial,166,04/06/2025,30/01/2026,30/01/2026,C:\Users\anish\PycharmProjects\ALGO-Stocks\data\raw\prices_daily\twelvedata\parquets\CRCL.parquet
CRGY,partial,1040,08/12/2021,30/01/2026,30/01/2026,C:\Users\anish\PycharmProjects\ALGO-Stocks\data\raw\prices_daily\twelvedata\parquets\CRGY.parquet
CRWV,partial,212,28/03/2025,30/01/2026,30/01/2026,C:\Users\anish\PycharmProjects\ALGO-Stocks\data\raw\prices_daily\twelvedata\parquets\CRWV.parquet
CTKB,partial,1136,23/07/2021,30/01/2026,30/01/2026,C:\Users\anish\PycharmProjects\ALGO-Stocks\data\raw\prices_daily\twelvedata\parquets\CTKB.parquet
CTNM,partial,457,05/04/2024,30/01/2026,30/01/2026,C:\Users\anish\PycharmProjects\ALGO-Stocks\data\raw\prices_daily\twelvedata\parquets\CTNM.parquet
CTRI,partial,448,18/04/2024,30/01/2026,30/01/2026,C:\Users\anish\PycharmProjects\ALGO-Stocks\data\raw\prices_daily\twelvedata\parquets\CTRI.parquet
CUB,partial,369,12/08/2024,30/01/2026,30/01/2026,C:\Users\anish\PycharmProjects\ALGO-Stocks\data\raw\prices_daily\twelvedata\parquets\CUB.parquet
CWAN,partial,1092,24/09/2021,30/01/2026,30/01/2026,C:\Users\anish\PycharmProjects\ALGO-Stocks\data\raw\prices_daily\twelvedata\parquets\CWAN.parquet
CXM,partial,1157,23/06/2021,30/01/2026,30/01/2026,C:\Users\anish\PycharmProjects\ALGO-Stocks\data\raw\prices_daily\twelvedata\parquets\CXM.parquet
DAVE,partial,1198,26/04/2021,30/01/2026,30/01/2026,C:\Users\anish\PycharmProjects\ALGO-Stocks\data\raw\prices_daily\twelvedata\parquets\DAVE.parquet
DAWN,partial,1175,27/05/2021,30/01/2026,30/01/2026,C:\Users\anish\PycharmProjects\ALGO-Stocks\data\raw\prices_daily\twelvedata\parquets\DAWN.parquet
DBD,partial,1026,04/01/2021,30/01/2026,30/01/2026,C:\Users\anish\PycharmProjects\ALGO-Stocks\data\raw\prices_daily\twelvedata\parquets\DBD.parquet
DC,partial,959,05/04/2022,30/01/2026,30/01/2026,C:\Users\anish\PycharmProjects\ALGO-Stocks\data\raw\prices_daily\twelvedata\parquets\DC.parquet
DEC,partial,530,19/12/2023,30/01/2026,30/01/2026,C:\Users\anish\PycharmProjects\ALGO-Stocks\data\raw\prices_daily\twelvedata\parquets\DEC.parquet
DH,partial,1099,15/09/2021,30/01/2026,30/01/2026,C:\Users\anish\PycharmProjects\ALGO-Stocks\data\raw\prices_daily\twelvedata\parquets\DH.parquet
DJT,partial,1088,30/09/2021,30/01/2026,30/01/2026,C:\Users\anish\PycharmProjects\ALGO-Stocks\data\raw\prices_daily\twelvedata\parquets\DJT.parquet
DLO,partial,1172,03/06/2021,30/01/2026,30/01/2026,C:\Users\anish\PycharmProjects\ALGO-Stocks\data\raw\prices_daily\twelvedata\parquets\DLO.parquet
DMAA,partial,235,25/02/2025,30/01/2026,30/01/2026,C:\Users\anish\PycharmProjects\ALGO-Stocks\data\raw\prices_daily\twelvedata\parquets\DMAA.parquet
DMII,partial,40,03/12/2025,30/01/2026,30/01/2026,C:\Users\anish\PycharmProjects\ALGO-Stocks\data\raw\prices_daily\twelvedata\parquets\DMII.parquet
DNUT,partial,1151,01/07/2021,30/01/2026,30/01/2026,C:\Users\anish\PycharmProjects\ALGO-Stocks\data\raw\prices_daily\twelvedata\parquets\DNUT.parquet
DOCS,partial,1156,24/06/2021,30/01/2026,30/01/2026,C:\Users\anish\PycharmProjects\ALGO-Stocks\data\raw\prices_daily\twelvedata\parquets\DOCS.parquet
DRDB,partial,250,03/02/2025,30/01/2026,30/01/2026,C:\Users\anish\PycharmProjects\ALGO-Stocks\data\raw\prices_daily\twelvedata\parquets\DRDB.parquet
DTM,partial,1151,01/07/2021,30/01/2026,30/01/2026,C:\Users\anish\PycharmProjects\ALGO-Stocks\data\raw\prices_daily\twelvedata\parquets\DTM.parquet
DUOL,partial,1133,28/07/2021,30/01/2026,30/01/2026,C:\Users\anish\PycharmProjects\ALGO-Stocks\data\raw\prices_daily\twelvedata\parquets\DUOL.parquet
DXYZ,partial,464,26/03/2024,30/01/2026,30/01/2026,C:\Users\anish\PycharmProjects\ALGO-Stocks\data\raw\prices_daily\twelvedata\parquets\DXYZ.parquet
ECAT,partial,1090,28/09/2021,30/01/2026,30/01/2026,C:\Users\anish\PycharmProjects\ALGO-Stocks\data\raw\prices_daily\twelvedata\parquets\ECAT.parquet
ECG,partial,315,28/10/2024,30/01/2026,30/01/2026,C:\Users\anish\PycharmProjects\ALGO-Stocks\data\raw\prices_daily\twelvedata\parquets\ECG.parquet
EE,partial,953,13/04/2022,30/01/2026,30/01/2026,C:\Users\anish\PycharmProjects\ALGO-Stocks\data\raw\prices_daily\twelvedata\parquets\EE.parquet
EHAB,partial,904,23/06/2022,30/01/2026,30/01/2026,C:\Users\anish\PycharmProjects\ALGO-Stocks\data\raw\prices_daily\twelvedata\parquets\EHAB.parquet
EMAT,partial,18,06/01/2026,30/01/2026,30/01/2026,C:\Users\anish\PycharmProjects\ALGO-Stocks\data\raw\prices_daily\twelvedata\parquets\EMAT.parquet
EMBC,partial,969,22/03/2022,30/01/2026,30/01/2026,C:\Users\anish\PycharmProjects\ALGO-Stocks\data\raw\prices_daily\twelvedata\parquets\EMBC.parquet
EQPT,partial,6,23/01/2026,30/01/2026,30/01/2026,C:\Users\anish\PycharmProjects\ALGO-Stocks\data\raw\prices_daily\twelvedata\parquets\EQPT.parquet
ERAS,partial,1141,16/07/2021,30/01/2026,30/01/2026,C:\Users\anish\PycharmProjects\ALGO-Stocks\data\raw\prices_daily\twelvedata\parquets\ERAS.parquet
ESAB,partial,964,29/03/2022,30/01/2026,30/01/2026,C:\Users\anish\PycharmProjects\ALGO-Stocks\data\raw\prices_daily\twelvedata\parquets\ESAB.parquet
EU,partial,763,17/01/2023,30/01/2026,30/01/2026,C:\Users\anish\PycharmProjects\ALGO-Stocks\data\raw\prices_daily\twelvedata\parquets\EU.parquet
EVAC,partial,111,22/08/2025,30/01/2026,30/01/2026,C:\Users\anish\PycharmProjects\ALGO-Stocks\data\raw\prices_daily\twelvedata\parquets\EVAC.parquet
EVCM,partial,1151,01/07/2021,30/01/2026,30/01/2026,C:\Users\anish\PycharmProjects\ALGO-Stocks\data\raw\prices_daily\twelvedata\parquets\EVCM.parquet
EVEX,partial,935,10/05/2022,30/01/2026,30/01/2026,C:\Users\anish\PycharmProjects\ALGO-Stocks\data\raw\prices_daily\twelvedata\parquets\EVEX.parquet
EVMN,partial,58,06/11/2025,30/01/2026,30/01/2026,C:\Users\anish\PycharmProjects\ALGO-Stocks\data\raw\prices_daily\twelvedata\parquets\EVMN.parquet
EVOX,partial,40,03/12/2025,30/01/2026,30/01/2026,C:\Users\anish\PycharmProjects\ALGO-Stocks\data\raw\prices_daily\twelvedata\parquets\EVOX.parquet
EXOD,partial,1098,16/09/2021,30/01/2026,30/01/2026,C:\Users\anish\PycharmProjects\ALGO-Stocks\data\raw\prices_daily\twelvedata\parquets\EXOD.parquet
FA,partial,1157,23/06/2021,30/01/2026,30/01/2026,C:\Users\anish\PycharmProjects\ALGO-Stocks\data\raw\prices_daily\twelvedata\parquets\FA.parquet
FBYD,partial,581,06/10/2023,30/01/2026,30/01/2026,C:\Users\anish\PycharmProjects\ALGO-Stocks\data\raw\prices_daily\twelvedata\parquets\FBYD.parquet
FCRS,partial,51,17/11/2025,30/01/2026,30/01/2026,C:\Users\anish\PycharmProjects\ALGO-Stocks\data\raw\prices_daily\twelvedata\parquets\FCRS.parquet
FG,partial,799,22/11/2022,30/01/2026,30/01/2026,C:\Users\anish\PycharmProjects\ALGO-Stocks\data\raw\prices_daily\twelvedata\parquets\FG.parquet
FIG,partial,127,31/07/2025,30/01/2026,30/01/2026,C:\Users\anish\PycharmProjects\ALGO-Stocks\data\raw\prices_daily\twelvedata\parquets\FIG.parquet
FIGR,partial,480,04/01/2021,30/01/2026,30/01/2026,C:\Users\anish\PycharmProjects\ALGO-Stocks\data\raw\prices_daily\twelvedata\parquets\FIGR.parquet
FIGS,partial,1175,27/05/2021,30/01/2026,30/01/2026,C:\Users\anish\PycharmProjects\ALGO-Stocks\data\raw\prices_daily\twelvedata\parquets\FIGS.parquet
FIP,partial,887,20/07/2022,30/01/2026,30/01/2026,C:\Users\anish\PycharmProjects\ALGO-Stocks\data\raw\prices_daily\twelvedata\parquets\FIP.parquet
FLNC,partial,1068,28/10/2021,30/01/2026,30/01/2026,C:\Users\anish\PycharmProjects\ALGO-Stocks\data\raw\prices_daily\twelvedata\parquets\FLNC.parquet
FLOC,partial,261,16/01/2025,30/01/2026,30/01/2026,C:\Users\anish\PycharmProjects\ALGO-Stocks\data\raw\prices_daily\twelvedata\parquets\FLOC.parquet
FLY,partial,122,07/08/2025,30/01/2026,30/01/2026,C:\Users\anish\PycharmProjects\ALGO-Stocks\data\raw\prices_daily\twelvedata\parquets\FLY.parquet
FLYW,partial,1176,26/05/2021,30/01/2026,30/01/2026,C:\Users\anish\PycharmProjects\ALGO-Stocks\data\raw\prices_daily\twelvedata\parquets\FLYW.parquet
FRSH,partial,1094,22/09/2021,30/01/2026,30/01/2026,C:\Users\anish\PycharmProjects\ALGO-Stocks\data\raw\prices_daily\twelvedata\parquets\FRSH.parquet
FSBC,partial,1192,04/05/2021,30/01/2026,30/01/2026,C:\Users\anish\PycharmProjects\ALGO-Stocks\data\raw\prices_daily\twelvedata\parquets\FSBC.parquet
FSCO,partial,977,09/03/2022,30/01/2026,30/01/2026,C:\Users\anish\PycharmProjects\ALGO-Stocks\data\raw\prices_daily\twelvedata\parquets\FSCO.parquet
FSSL,partial,53,13/11/2025,30/01/2026,30/01/2026,C:\Users\anish\PycharmProjects\ALGO-Stocks\data\raw\prices_daily\twelvedata\parquets\FSSL.parquet
FSUN,partial,835,03/08/2022,30/01/2026,30/01/2026,C:\Users\anish\PycharmProjects\ALGO-Stocks\data\raw\prices_daily\twelvedata\parquets\FSUN.parquet
FTRE,partial,657,20/06/2023,30/01/2026,30/01/2026,C:\Users\anish\PycharmProjects\ALGO-Stocks\data\raw\prices_daily\twelvedata\parquets\FTRE.parquet
FTW,partial,65,28/10/2025,30/01/2026,30/01/2026,C:\Users\anish\PycharmProjects\ALGO-Stocks\data\raw\prices_daily\twelvedata\parquets\FTW.parquet
FWRG,partial,1087,01/10/2021,30/01/2026,30/01/2026,C:\Users\anish\PycharmProjects\ALGO-Stocks\data\raw\prices_daily\twelvedata\parquets\FWRG.parquet
GBFH,partial,1074,18/02/2021,30/01/2026,30/01/2026,C:\Users\anish\PycharmProjects\ALGO-Stocks\data\raw\prices_daily\twelvedata\parquets\GBFH.parquet
GBTG,partial,866,18/08/2022,30/01/2026,30/01/2026,C:\Users\anish\PycharmProjects\ALGO-Stocks\data\raw\prices_daily\twelvedata\parquets\GBTG.parquet
GCT,partial,866,18/08/2022,30/01/2026,30/01/2026,C:\Users\anish\PycharmProjects\ALGO-Stocks\data\raw\prices_daily\twelvedata\parquets\GCT.parquet
GEHC,partial,632,26/07/2023,30/01/2026,30/01/2026,C:\Users\anish\PycharmProjects\ALGO-Stocks\data\raw\prices_daily\twelvedata\parquets\GEHC.parquet
GEMI,partial,97,12/09/2025,30/01/2026,30/01/2026,C:\Users\anish\PycharmProjects\ALGO-Stocks\data\raw\prices_daily\twelvedata\parquets\GEMI.parquet
GES,partial,1269,04/01/2021,22/01/2026,30/01/2026,C:\Users\anish\PycharmProjects\ALGO-Stocks\data\raw\prices_daily\twelvedata\parquets\GES.parquet
GEV,partial,461,01/04/2024,30/01/2026,30/01/2026,C:\Users\anish\PycharmProjects\ALGO-Stocks\data\raw\prices_daily\twelvedata\parquets\GEV.parquet
GFS,partial,1068,28/10/2021,30/01/2026,30/01/2026,C:\Users\anish\PycharmProjects\ALGO-Stocks\data\raw\prices_daily\twelvedata\parquets\GFS.parquet
GIG,partial,775,03/01/2021,30/01/2026,30/01/2026,C:\Users\anish\PycharmProjects\ALGO-Stocks\data\raw\prices_daily\twelvedata\parquets\GIG.parquet
GIW,partial,337,12/07/2021,30/01/2026,30/01/2026,C:\Users\anish\PycharmProjects\ALGO-Stocks\data\raw\prices_daily\twelvedata\parquets\GIW.parquet
GLIBA,partial,141,11/07/2025,30/01/2026,30/01/2026,C:\Users\anish\PycharmProjects\ALGO-Stocks\data\raw\prices_daily\twelvedata\parquets\GLIBA.parquet
GLIBK,partial,141,11/07/2025,30/01/2026,30/01/2026,C:\Users\anish\PycharmProjects\ALGO-Stocks\data\raw\prices_daily\twelvedata\parquets\GLIBK.parquet
GLOO,partial,50,18/11/2025,30/01/2026,30/01/2026,C:\Users\anish\PycharmProjects\ALGO-Stocks\data\raw\prices_daily\twelvedata\parquets\GLOO.parquet
GLUE,partial,1156,24/06/2021,30/01/2026,30/01/2026,C:\Users\anish\PycharmProjects\ALGO-Stocks\data\raw\prices_daily\twelvedata\parquets\GLUE.parquet
GLXY,partial,178,16/05/2025,30/01/2026,30/01/2026,C:\Users\anish\PycharmProjects\ALGO-Stocks\data\raw\prices_daily\twelvedata\parquets\GLXY.parquet
GPAT,partial,398,01/07/2024,30/01/2026,30/01/2026,C:\Users\anish\PycharmProjects\ALGO-Stocks\data\raw\prices_daily\twelvedata\parquets\GPAT.parquet
GPCR,partial,752,03/02/2023,30/01/2026,30/01/2026,C:\Users\anish\PycharmProjects\ALGO-Stocks\data\raw\prices_daily\twelvedata\parquets\GPCR.parquet
GPOR,partial,1182,18/05/2021,30/01/2026,30/01/2026,C:\Users\anish\PycharmProjects\ALGO-Stocks\data\raw\prices_daily\twelvedata\parquets\GPOR.parquet
GRAF,partial,365,16/08/2024,30/01/2026,30/01/2026,C:\Users\anish\PycharmProjects\ALGO-Stocks\data\raw\prices_daily\twelvedata\parquets\GRAF.parquet
GRAL,partial,410,12/06/2024,30/01/2026,30/01/2026,C:\Users\anish\PycharmProjects\ALGO-Stocks\data\raw\prices_daily\twelvedata\parquets\GRAL.parquet
GRDN,partial,337,26/09/2024,30/01/2026,30/01/2026,C:\Users\anish\PycharmProjects\ALGO-Stocks\data\raw\prices_daily\twelvedata\parquets\GRDN.parquet
GTEN,partial,154,23/06/2025,30/01/2026,30/01/2026,C:\Users\anish\PycharmProjects\ALGO-Stocks\data\raw\prices_daily\twelvedata\parquets\GTEN.parquet
GTLB,partial,1078,14/10/2021,30/01/2026,30/01/2026,C:\Users\anish\PycharmProjects\ALGO-Stocks\data\raw\prices_daily\twelvedata\parquets\GTLB.parquet
GXO,partial,1137,22/07/2021,30/01/2026,30/01/2026,C:\Users\anish\PycharmProjects\ALGO-Stocks\data\raw\prices_daily\twelvedata\parquets\GXO.parquet
HCMA,partial,733,16/03/2022,30/01/2026,30/01/2026,C:\Users\anish\PycharmProjects\ALGO-Stocks\data\raw\prices_daily\twelvedata\parquets\HCMA.parquet
HGTY,partial,1173,01/06/2021,30/01/2026,30/01/2026,C:\Users\anish\PycharmProjects\ALGO-Stocks\data\raw\prices_daily\twelvedata\parquets\HGTY.parquet
HNGE,partial,174,22/05/2025,30/01/2026,30/01/2026,C:\Users\anish\PycharmProjects\ALGO-Stocks\data\raw\prices_daily\twelvedata\parquets\HNGE.parquet
HOOD,partial,1132,29/07/2021,30/01/2026,30/01/2026,C:\Users\anish\PycharmProjects\ALGO-Stocks\data\raw\prices_daily\twelvedata\parquets\HOOD.parquet
HTB,partial,240,18/02/2025,30/01/2026,30/01/2026,C:\Users\anish\PycharmProjects\ALGO-Stocks\data\raw\prices_daily\twelvedata\parquets\HTB.parquet
HTFL,partial,121,08/08/2025,30/01/2026,30/01/2026,C:\Users\anish\PycharmProjects\ALGO-Stocks\data\raw\prices_daily\twelvedata\parquets\HTFL.parquet
HTZ,partial,1151,01/07/2021,30/01/2026,30/01/2026,C:\Users\anish\PycharmProjects\ALGO-Stocks\data\raw\prices_daily\twelvedata\parquets\HTZ.parquet
HYAC,partial,596,15/09/2023,30/01/2026,30/01/2026,C:\Users\anish\PycharmProjects\ALGO-Stocks\data\raw\prices_daily\twelvedata\parquets\HYAC.parquet
IBTA,partial,447,19/04/2024,30/01/2026,30/01/2026,C:\Users\anish\PycharmProjects\ALGO-Stocks\data\raw\prices_daily\twelvedata\parquets\IBTA.parquet
IE,partial,902,28/06/2022,30/01/2026,30/01/2026,C:\Users\anish\PycharmProjects\ALGO-Stocks\data\raw\prices_daily\twelvedata\parquets\IE.parquet
IEAGU,partial,10,16/01/2026,30/01/2026,30/01/2026,C:\Users\anish\PycharmProjects\ALGO-Stocks\data\raw\prices_daily\twelvedata\parquets\IEAGU.parquet
IMMX,partial,1034,16/12/2021,30/01/2026,30/01/2026,C:\Users\anish\PycharmProjects\ALGO-Stocks\data\raw\prices_daily\twelvedata\parquets\IMMX.parquet
IMRX,partial,1131,30/07/2021,30/01/2026,30/01/2026,C:\Users\anish\PycharmProjects\ALGO-Stocks\data\raw\prices_daily\twelvedata\parquets\IMRX.parquet
IMSR,partial,327,10/10/2024,30/01/2026,30/01/2026,C:\Users\anish\PycharmProjects\ALGO-Stocks\data\raw\prices_daily\twelvedata\parquets\IMSR.parquet
INGM,partial,317,24/10/2024,30/01/2026,30/01/2026,C:\Users\anish\PycharmProjects\ALGO-Stocks\data\raw\prices_daily\twelvedata\parquets\INGM.parquet
INR,partial,251,31/01/2025,30/01/2026,30/01/2026,C:\Users\anish\PycharmProjects\ALGO-Stocks\data\raw\prices_daily\twelvedata\parquets\INR.parquet
INTA,partial,1152,30/06/2021,30/01/2026,30/01/2026,C:\Users\anish\PycharmProjects\ALGO-Stocks\data\raw\prices_daily\twelvedata\parquets\INTA.parquet
IOT,partial,1035,15/12/2021,30/01/2026,30/01/2026,C:\Users\anish\PycharmProjects\ALGO-Stocks\data\raw\prices_daily\twelvedata\parquets\IOT.parquet
IPCX,partial,158,16/06/2025,30/01/2026,30/01/2026,C:\Users\anish\PycharmProjects\ALGO-Stocks\data\raw\prices_daily\twelvedata\parquets\IPCX.parquet
IPX,partial,899,21/06/2022,30/01/2026,30/01/2026,C:\Users\anish\PycharmProjects\ALGO-Stocks\data\raw\prices_daily\twelvedata\parquets\IPX.parquet
ITHA,partial,9,20/01/2026,30/01/2026,30/01/2026,C:\Users\anish\PycharmProjects\ALGO-Stocks\data\raw\prices_daily\twelvedata\parquets\ITHA.parquet
IVVD,partial,1126,06/08/2021,30/01/2026,30/01/2026,C:\Users\anish\PycharmProjects\ALGO-Stocks\data\raw\prices_daily\twelvedata\parquets\IVVD.parquet
JANX,partial,1165,11/06/2021,30/01/2026,30/01/2026,C:\Users\anish\PycharmProjects\ALGO-Stocks\data\raw\prices_daily\twelvedata\parquets\JANX.parquet
JBIO,partial,1152,30/06/2021,30/01/2026,30/01/2026,C:\Users\anish\PycharmProjects\ALGO-Stocks\data\raw\prices_daily\twelvedata\parquets\JBIO.parquet
JCAP,partial,151,26/06/2025,30/01/2026,30/01/2026,C:\Users\anish\PycharmProjects\ALGO-Stocks\data\raw\prices_daily\twelvedata\parquets\JCAP.parquet
JXN,partial,1108,01/09/2021,30/01/2026,30/01/2026,C:\Users\anish\PycharmProjects\ALGO-Stocks\data\raw\prices_daily\twelvedata\parquets\JXN.parquet
KBDC,partial,424,22/05/2024,30/01/2026,30/01/2026,C:\Users\anish\PycharmProjects\ALGO-Stocks\data\raw\prices_daily\twelvedata\parquets\KBDC.parquet
KBON,partial,4,27/01/2026,30/01/2026,30/01/2026,C:\Users\anish\PycharmProjects\ALGO-Stocks\data\raw\prices_daily\twelvedata\parquets\KBON.parquet
KCHV,partial,135,21/07/2025,30/01/2026,30/01/2026,C:\Users\anish\PycharmProjects\ALGO-Stocks\data\raw\prices_daily\twelvedata\parquets\KCHV.parquet
KD,partial,1072,22/10/2021,30/01/2026,30/01/2026,C:\Users\anish\PycharmProjects\ALGO-Stocks\data\raw\prices_daily\twelvedata\parquets\KD.parquet
KDK,partial,88,25/09/2025,30/01/2026,30/01/2026,C:\Users\anish\PycharmProjects\ALGO-Stocks\data\raw\prices_daily\twelvedata\parquets\KDK.parquet
KFII,partial,223,13/03/2025,30/01/2026,30/01/2026,C:\Users\anish\PycharmProjects\ALGO-Stocks\data\raw\prices_daily\twelvedata\parquets\KFII.parquet
KGS,partial,650,29/06/2023,30/01/2026,30/01/2026,C:\Users\anish\PycharmProjects\ALGO-Stocks\data\raw\prices_daily\twelvedata\parquets\KGS.parquet
KLC,partial,328,09/10/2024,30/01/2026,30/01/2026,C:\Users\anish\PycharmProjects\ALGO-Stocks\data\raw\prices_daily\twelvedata\parquets\KLC.parquet
KMTS,partial,228,06/03/2025,30/01/2026,30/01/2026,C:\Users\anish\PycharmProjects\ALGO-Stocks\data\raw\prices_daily\twelvedata\parquets\KMTS.parquet
KNF,partial,666,06/06/2023,30/01/2026,30/01/2026,C:\Users\anish\PycharmProjects\ALGO-Stocks\data\raw\prices_daily\twelvedata\parquets\KNF.parquet
KOYN,partial,92,19/09/2025,30/01/2026,30/01/2026,C:\Users\anish\PycharmProjects\ALGO-Stocks\data\raw\prices_daily\twelvedata\parquets\KOYN.parquet
KRMN,partial,242,13/02/2025,30/01/2026,30/01/2026,C:\Users\anish\PycharmProjects\ALGO-Stocks\data\raw\prices_daily\twelvedata\parquets\KRMN.parquet
KRSP,partial,47,21/11/2025,30/01/2026,30/01/2026,C:\Users\anish\PycharmProjects\ALGO-Stocks\data\raw\prices_daily\twelvedata\parquets\KRSP.parquet
KVUE,partial,688,04/05/2023,30/01/2026,30/01/2026,C:\Users\anish\PycharmProjects\ALGO-Stocks\data\raw\prices_daily\twelvedata\parquets\KVUE.parquet
KVYO,partial,593,20/09/2023,30/01/2026,30/01/2026,C:\Users\anish\PycharmProjects\ALGO-Stocks\data\raw\prices_daily\twelvedata\parquets\KVYO.parquet
KYTX,partial,496,08/02/2024,30/01/2026,30/01/2026,C:\Users\anish\PycharmProjects\ALGO-Stocks\data\raw\prices_daily\twelvedata\parquets\KYTX.parquet
LAW,partial,1138,21/07/2021,30/01/2026,30/01/2026,C:\Users\anish\PycharmProjects\ALGO-Stocks\data\raw\prices_daily\twelvedata\parquets\LAW.parquet
LB,partial,399,28/06/2024,30/01/2026,30/01/2026,C:\Users\anish\PycharmProjects\ALGO-Stocks\data\raw\prices_daily\twelvedata\parquets\LB.parquet
LBRX,partial,98,11/09/2025,30/01/2026,30/01/2026,C:\Users\anish\PycharmProjects\ALGO-Stocks\data\raw\prices_daily\twelvedata\parquets\LBRX.parquet
LCID,partial,1135,26/07/2021,30/01/2026,30/01/2026,C:\Users\anish\PycharmProjects\ALGO-Stocks\data\raw\prices_daily\twelvedata\parquets\LCID.parquet
LENZ,partial,1155,25/06/2021,30/01/2026,30/01/2026,C:\Users\anish\PycharmProjects\ALGO-Stocks\data\raw\prices_daily\twelvedata\parquets\LENZ.parquet
LFST,partial,1166,10/06/2021,30/01/2026,30/01/2026,C:\Users\anish\PycharmProjects\ALGO-Stocks\data\raw\prices_daily\twelvedata\parquets\LFST.parquet
LGN,partial,97,12/09/2025,30/01/2026,30/01/2026,C:\Users\anish\PycharmProjects\ALGO-Stocks\data\raw\prices_daily\twelvedata\parquets\LGN.parquet
LIF,partial,414,06/06/2024,30/01/2026,30/01/2026,C:\Users\anish\PycharmProjects\ALGO-Stocks\data\raw\prices_daily\twelvedata\parquets\LIF.parquet
LLYVA,partial,619,14/08/2023,30/01/2026,30/01/2026,C:\Users\anish\PycharmProjects\ALGO-Stocks\data\raw\prices_daily\twelvedata\parquets\LLYVA.parquet
LLYVK,partial,623,08/08/2023,30/01/2026,30/01/2026,C:\Users\anish\PycharmProjects\ALGO-Stocks\data\raw\prices_daily\twelvedata\parquets\LLYVK.parquet
LMRI,partial,34,11/12/2025,30/01/2026,30/01/2026,C:\Users\anish\PycharmProjects\ALGO-Stocks\data\raw\prices_daily\twelvedata\parquets\LMRI.parquet
LNKB,partial,848,14/09/2022,30/01/2026,30/01/2026,C:\Users\anish\PycharmProjects\ALGO-Stocks\data\raw\prices_daily\twelvedata\parquets\LNKB.parquet
LOAR,partial,443,25/04/2024,30/01/2026,30/01/2026,C:\Users\anish\PycharmProjects\ALGO-Stocks\data\raw\prices_daily\twelvedata\parquets\LOAR.parquet
LPAA,partial,354,03/09/2024,30/01/2026,30/01/2026,C:\Users\anish\PycharmProjects\ALGO-Stocks\data\raw\prices_daily\twelvedata\parquets\LPAA.parquet
LPBB,partial,292,29/11/2024,30/01/2026,30/01/2026,C:\Users\anish\PycharmProjects\ALGO-Stocks\data\raw\prices_daily\twelvedata\parquets\LPBB.parquet
LTH,partial,1083,07/10/2021,30/01/2026,30/01/2026,C:\Users\anish\PycharmProjects\ALGO-Stocks\data\raw\prices_daily\twelvedata\parquets\LTH.parquet
LUCK,partial,1199,23/04/2021,30/01/2026,30/01/2026,C:\Users\anish\PycharmProjects\ALGO-Stocks\data\raw\prices_daily\twelvedata\parquets\LUCK.parquet
LUNR,partial,1053,17/11/2021,30/01/2026,30/01/2026,C:\Users\anish\PycharmProjects\ALGO-Stocks\data\raw\prices_daily\twelvedata\parquets\LUNR.parquet
LWAC,partial,116,15/08/2025,30/01/2026,30/01/2026,C:\Users\anish\PycharmProjects\ALGO-Stocks\data\raw\prices_daily\twelvedata\parquets\LWAC.parquet
LXEO,partial,561,03/11/2023,30/01/2026,30/01/2026,C:\Users\anish\PycharmProjects\ALGO-Stocks\data\raw\prices_daily\twelvedata\parquets\LXEO.parquet
LYEL,partial,1161,17/06/2021,30/01/2026,30/01/2026,C:\Users\anish\PycharmProjects\ALGO-Stocks\data\raw\prices_daily\twelvedata\parquets\LYEL.parquet
LZ,partial,1152,30/06/2021,30/01/2026,30/01/2026,C:\Users\anish\PycharmProjects\ALGO-Stocks\data\raw\prices_daily\twelvedata\parquets\LZ.parquet
MAMA,partial,1140,19/07/2021,30/01/2026,30/01/2026,C:\Users\anish\PycharmProjects\ALGO-Stocks\data\raw\prices_daily\twelvedata\parquets\MAMA.parquet
MAZE,partial,251,31/01/2025,30/01/2026,30/01/2026,C:\Users\anish\PycharmProjects\ALGO-Stocks\data\raw\prices_daily\twelvedata\parquets\MAZE.parquet
MBAV,partial,340,23/09/2024,30/01/2026,30/01/2026,C:\Users\anish\PycharmProjects\ALGO-Stocks\data\raw\prices_daily\twelvedata\parquets\MBAV.parquet
MBC,partial,787,09/12/2022,30/01/2026,30/01/2026,C:\Users\anish\PycharmProjects\ALGO-Stocks\data\raw\prices_daily\twelvedata\parquets\MBC.parquet
MBVI,partial,72,17/10/2025,30/01/2026,30/01/2026,C:\Users\anish\PycharmProjects\ALGO-Stocks\data\raw\prices_daily\twelvedata\parquets\MBVI.parquet
MBX,partial,346,13/09/2024,30/01/2026,30/01/2026,C:\Users\anish\PycharmProjects\ALGO-Stocks\data\raw\prices_daily\twelvedata\parquets\MBX.parquet
MCW,partial,1155,25/06/2021,30/01/2026,30/01/2026,C:\Users\anish\PycharmProjects\ALGO-Stocks\data\raw\prices_daily\twelvedata\parquets\MCW.parquet
MDLN,partial,30,17/12/2025,30/01/2026,30/01/2026,C:\Users\anish\PycharmProjects\ALGO-Stocks\data\raw\prices_daily\twelvedata\parquets\MDLN.parquet
MEGI,partial,1069,27/10/2021,30/01/2026,30/01/2026,C:\Users\anish\PycharmProjects\ALGO-Stocks\data\raw\prices_daily\twelvedata\parquets\MEGI.parquet
MH,partial,132,24/07/2025,30/01/2026,30/01/2026,C:\Users\anish\PycharmProjects\ALGO-Stocks\data\raw\prices_daily\twelvedata\parquets\MH.parquet
MIAX,partial,117,14/08/2025,30/01/2026,30/01/2026,C:\Users\anish\PycharmProjects\ALGO-Stocks\data\raw\prices_daily\twelvedata\parquets\MIAX.parquet
MLAC,partial,778,04/01/2021,30/01/2026,30/01/2026,C:\Users\anish\PycharmProjects\ALGO-Stocks\data\raw\prices_daily\twelvedata\parquets\MLAC.parquet
MLYS,partial,745,10/02/2023,30/01/2026,30/01/2026,C:\Users\anish\PycharmProjects\ALGO-Stocks\data\raw\prices_daily\twelvedata\parquets\MLYS.parquet
MNR,partial,568,25/10/2023,30/01/2026,30/01/2026,C:\Users\anish\PycharmProjects\ALGO-Stocks\data\raw\prices_daily\twelvedata\parquets\MNR.parquet
MNTN,partial,718,14/01/2022,30/01/2026,30/01/2026,C:\Users\anish\PycharmProjects\ALGO-Stocks\data\raw\prices_daily\twelvedata\parquets\MNTN.parquet
MPLT,partial,66,27/10/2025,30/01/2026,30/01/2026,C:\Users\anish\PycharmProjects\ALGO-Stocks\data\raw\prices_daily\twelvedata\parquets\MPLT.parquet
MQ,partial,1167,09/06/2021,30/01/2026,30/01/2026,C:\Users\anish\PycharmProjects\ALGO-Stocks\data\raw\prices_daily\twelvedata\parquets\MQ.parquet
MSDL,partial,507,24/01/2024,30/01/2026,30/01/2026,C:\Users\anish\PycharmProjects\ALGO-Stocks\data\raw\prices_daily\twelvedata\parquets\MSDL.parquet
MSGE,partial,690,02/05/2023,30/01/2026,30/01/2026,C:\Users\anish\PycharmProjects\ALGO-Stocks\data\raw\prices_daily\twelvedata\parquets\MSGE.parquet
MSIF,partial,253,29/01/2025,30/01/2026,30/01/2026,C:\Users\anish\PycharmProjects\ALGO-Stocks\data\raw\prices_daily\twelvedata\parquets\MSIF.parquet
NABL,partial,1140,19/07/2021,30/01/2026,30/01/2026,C:\Users\anish\PycharmProjects\ALGO-Stocks\data\raw\prices_daily\twelvedata\parquets\NABL.parquet
NATL,partial,575,16/10/2023,30/01/2026,30/01/2026,C:\Users\anish\PycharmProjects\ALGO-Stocks\data\raw\prices_daily\twelvedata\parquets\NATL.parquet
NAVN,partial,63,30/10/2025,30/01/2026,30/01/2026,C:\Users\anish\PycharmProjects\ALGO-Stocks\data\raw\prices_daily\twelvedata\parquets\NAVN.parquet
NB,partial,719,21/03/2023,30/01/2026,30/01/2026,C:\Users\anish\PycharmProjects\ALGO-Stocks\data\raw\prices_daily\twelvedata\parquets\NB.parquet
NBBK,partial,523,29/12/2023,30/01/2026,30/01/2026,C:\Users\anish\PycharmProjects\ALGO-Stocks\data\raw\prices_daily\twelvedata\parquets\NBBK.parquet
NBXG,partial,1176,26/05/2021,30/01/2026,30/01/2026,C:\Users\anish\PycharmProjects\ALGO-Stocks\data\raw\prices_daily\twelvedata\parquets\NBXG.parquet
NCDL,partial,506,25/01/2024,30/01/2026,30/01/2026,C:\Users\anish\PycharmProjects\ALGO-Stocks\data\raw\prices_daily\twelvedata\parquets\NCDL.parquet
NE,partial,1192,04/01/2021,30/01/2026,30/01/2026,C:\Users\anish\PycharmProjects\ALGO-Stocks\data\raw\prices_daily\twelvedata\parquets\NE.parquet
NESR,partial,393,09/07/2024,30/01/2026,30/01/2026,C:\Users\anish\PycharmProjects\ALGO-Stocks\data\raw\prices_daily\twelvedata\parquets\NESR.parquet
NIQ,partial,809,04/01/2021,30/01/2026,30/01/2026,C:\Users\anish\PycharmProjects\ALGO-Stocks\data\raw\prices_daily\twelvedata\parquets\NIQ.parquet
NMAI,partial,1051,22/11/2021,30/01/2026,30/01/2026,C:\Users\anish\PycharmProjects\ALGO-Stocks\data\raw\prices_daily\twelvedata\parquets\NMAI.parquet
NMAX,partial,211,31/03/2025,30/01/2026,30/01/2026,C:\Users\anish\PycharmProjects\ALGO-Stocks\data\raw\prices_daily\twelvedata\parquets\NMAX.parquet
NMRA,partial,596,15/09/2023,30/01/2026,30/01/2026,C:\Users\anish\PycharmProjects\ALGO-Stocks\data\raw\prices_daily\twelvedata\parquets\NMRA.parquet
NNE,partial,434,08/05/2024,30/01/2026,30/01/2026,C:\Users\anish\PycharmProjects\ALGO-Stocks\data\raw\prices_daily\twelvedata\parquets\NNE.parquet
NP,partial,466,04/01/2021,30/01/2026,30/01/2026,C:\Users\anish\PycharmProjects\ALGO-Stocks\data\raw\prices_daily\twelvedata\parquets\NP.parquet
NPAC,partial,158,16/06/2025,30/01/2026,30/01/2026,C:\Users\anish\PycharmProjects\ALGO-Stocks\data\raw\prices_daily\twelvedata\parquets\NPAC.parquet
NPB,partial,241,14/02/2025,30/01/2026,30/01/2026,C:\Users\anish\PycharmProjects\ALGO-Stocks\data\raw\prices_daily\twelvedata\parquets\NPB.parquet
NPFD,partial,1034,16/12/2021,30/01/2026,30/01/2026,C:\Users\anish\PycharmProjects\ALGO-Stocks\data\raw\prices_daily\twelvedata\parquets\NPFD.parquet
NPWR,partial,1126,06/08/2021,30/01/2026,30/01/2026,C:\Users\anish\PycharmProjects\ALGO-Stocks\data\raw\prices_daily\twelvedata\parquets\NPWR.parquet
NRDS,partial,1063,04/11/2021,30/01/2026,30/01/2026,C:\Users\anish\PycharmProjects\ALGO-Stocks\data\raw\prices_daily\twelvedata\parquets\NRDS.parquet
NTSK,partial,93,18/09/2025,30/01/2026,30/01/2026,C:\Users\anish\PycharmProjects\ALGO-Stocks\data\raw\prices_daily\twelvedata\parquets\NTSK.parquet
NUAI,partial,1020,06/01/2022,30/01/2026,30/01/2026,C:\Users\anish\PycharmProjects\ALGO-Stocks\data\raw\prices_daily\twelvedata\parquets\NUAI.parquet
NUTX,partial,959,05/04/2022,30/01/2026,30/01/2026,C:\Users\anish\PycharmProjects\ALGO-Stocks\data\raw\prices_daily\twelvedata\parquets\NUTX.parquet
NUVL,partial,1132,29/07/2021,30/01/2026,30/01/2026,C:\Users\anish\PycharmProjects\ALGO-Stocks\data\raw\prices_daily\twelvedata\parquets\NUVL.parquet
NVTS,partial,1074,20/10/2021,30/01/2026,30/01/2026,C:\Users\anish\PycharmProjects\ALGO-Stocks\data\raw\prices_daily\twelvedata\parquets\NVTS.parquet
NWAX,partial,5,26/01/2026,30/01/2026,30/01/2026,C:\Users\anish\PycharmProjects\ALGO-Stocks\data\raw\prices_daily\twelvedata\parquets\NWAX.parquet
NWS,partial,631,27/07/2023,30/01/2026,30/01/2026,C:\Users\anish\PycharmProjects\ALGO-Stocks\data\raw\prices_daily\twelvedata\parquets\NWS.parquet
NXDR,partial,1061,08/11/2021,30/01/2026,30/01/2026,C:\Users\anish\PycharmProjects\ALGO-Stocks\data\raw\prices_daily\twelvedata\parquets\NXDR.parquet
NXT,partial,746,09/02/2023,30/01/2026,30/01/2026,C:\Users\anish\PycharmProjects\ALGO-Stocks\data\raw\prices_daily\twelvedata\parquets\NXT.parquet
OGN,partial,1184,14/05/2021,30/01/2026,30/01/2026,C:\Users\anish\PycharmProjects\ALGO-Stocks\data\raw\prices_daily\twelvedata\parquets\OGN.parquet
OKLO,partial,437,03/05/2024,30/01/2026,30/01/2026,C:\Users\anish\PycharmProjects\ALGO-Stocks\data\raw\prices_daily\twelvedata\parquets\OKLO.parquet
OLPX,partial,1088,30/09/2021,30/01/2026,30/01/2026,C:\Users\anish\PycharmProjects\ALGO-Stocks\data\raw\prices_daily\twelvedata\parquets\OLPX.parquet
OMDA,partial,164,06/06/2025,30/01/2026,30/01/2026,C:\Users\anish\PycharmProjects\ALGO-Stocks\data\raw\prices_daily\twelvedata\parquets\OMDA.parquet
ONIT,partial,417,03/06/2024,30/01/2026,30/01/2026,C:\Users\anish\PycharmProjects\ALGO-Stocks\data\raw\prices_daily\twelvedata\parquets\ONIT.parquet
OPAL,partial,1178,24/05/2021,30/01/2026,30/01/2026,C:\Users\anish\PycharmProjects\ALGO-Stocks\data\raw\prices_daily\twelvedata\parquets\OPAL.parquet
OS,partial,382,24/07/2024,30/01/2026,30/01/2026,C:\Users\anish\PycharmProjects\ALGO-Stocks\data\raw\prices_daily\twelvedata\parquets\OS.parquet
OTF,partial,160,12/06/2025,30/01/2026,30/01/2026,C:\Users\anish\PycharmProjects\ALGO-Stocks\data\raw\prices_daily\twelvedata\parquets\OTF.parquet
OYSE,partial,141,11/07/2025,30/01/2026,30/01/2026,C:\Users\anish\PycharmProjects\ALGO-Stocks\data\raw\prices_daily\twelvedata\parquets\OYSE.parquet
PACH,partial,116,15/08/2025,30/01/2026,30/01/2026,C:\Users\anish\PycharmProjects\ALGO-Stocks\data\raw\prices_daily\twelvedata\parquets\PACH.parquet
PACS,partial,453,11/04/2024,30/01/2026,30/01/2026,C:\Users\anish\PycharmProjects\ALGO-Stocks\data\raw\prices_daily\twelvedata\parquets\PACS.parquet
PAXS,partial,1006,27/01/2022,30/01/2026,30/01/2026,C:\Users\anish\PycharmProjects\ALGO-Stocks\data\raw\prices_daily\twelvedata\parquets\PAXS.parquet
PAY,partial,1176,26/05/2021,30/01/2026,30/01/2026,C:\Users\anish\PycharmProjects\ALGO-Stocks\data\raw\prices_daily\twelvedata\parquets\PAY.parquet
PCAP,partial,141,11/07/2025,30/01/2026,30/01/2026,C:\Users\anish\PycharmProjects\ALGO-Stocks\data\raw\prices_daily\twelvedata\parquets\PCAP.parquet
PCOR,partial,1180,20/05/2021,30/01/2026,30/01/2026,C:\Users\anish\PycharmProjects\ALGO-Stocks\data\raw\prices_daily\twelvedata\parquets\PCOR.parquet
PDYN,partial,1091,27/09/2021,30/01/2026,30/01/2026,C:\Users\anish\PycharmProjects\ALGO-Stocks\data\raw\prices_daily\twelvedata\parquets\PDYN.parquet
PEPG,partial,937,06/05/2022,30/01/2026,30/01/2026,C:\Users\anish\PycharmProjects\ALGO-Stocks\data\raw\prices_daily\twelvedata\parquets\PEPG.parquet
PHIN,partial,647,05/07/2023,30/01/2026,30/01/2026,C:\Users\anish\PycharmProjects\ALGO-Stocks\data\raw\prices_daily\twelvedata\parquets\PHIN.parquet
PL,partial,1198,26/04/2021,30/01/2026,30/01/2026,C:\Users\anish\PycharmProjects\ALGO-Stocks\data\raw\prices_daily\twelvedata\parquets\PL.parquet
PMTR,partial,155,20/06/2025,30/01/2026,30/01/2026,C:\Users\anish\PycharmProjects\ALGO-Stocks\data\raw\prices_daily\twelvedata\parquets\PMTR.parquet
POLE,partial,601,04/01/2021,30/01/2026,30/01/2026,C:\Users\anish\PycharmProjects\ALGO-Stocks\data\raw\prices_daily\twelvedata\parquets\POLE.parquet
PPHC,partial,3,28/01/2026,30/01/2026,30/01/2026,C:\Users\anish\PycharmProjects\ALGO-Stocks\data\raw\prices_daily\twelvedata\parquets\PPHC.parquet
PRCT,partial,1099,15/09/2021,30/01/2026,30/01/2026,C:\Users\anish\PycharmProjects\ALGO-Stocks\data\raw\prices_daily\twelvedata\parquets\PRCT.parquet
PRM,partial,1060,09/11/2021,30/01/2026,30/01/2026,C:\Users\anish\PycharmProjects\ALGO-Stocks\data\raw\prices_daily\twelvedata\parquets\PRM.parquet
PRME,partial,822,20/10/2022,30/01/2026,30/01/2026,C:\Users\anish\PycharmProjects\ALGO-Stocks\data\raw\prices_daily\twelvedata\parquets\PRME.parquet
PROK,partial,1152,30/06/2021,30/01/2026,30/01/2026,C:\Users\anish\PycharmProjects\ALGO-Stocks\data\raw\prices_daily\twelvedata\parquets\PROK.parquet
PRVA,partial,1196,28/04/2021,30/01/2026,30/01/2026,C:\Users\anish\PycharmProjects\ALGO-Stocks\data\raw\prices_daily\twelvedata\parquets\PRVA.parquet
PSBD,partial,511,18/01/2024,30/01/2026,30/01/2026,C:\Users\anish\PycharmProjects\ALGO-Stocks\data\raw\prices_daily\twelvedata\parquets\PSBD.parquet
PTLO,partial,1073,21/10/2021,30/01/2026,30/01/2026,C:\Users\anish\PycharmProjects\ALGO-Stocks\data\raw\prices_daily\twelvedata\parquets\PTLO.parquet
PTRN,partial,92,19/09/2025,30/01/2026,30/01/2026,C:\Users\anish\PycharmProjects\ALGO-Stocks\data\raw\prices_daily\twelvedata\parquets\PTRN.parquet
PURR,partial,40,03/12/2025,30/01/2026,30/01/2026,C:\Users\anish\PycharmProjects\ALGO-Stocks\data\raw\prices_daily\twelvedata\parquets\PURR.parquet
PX,partial,1073,21/10/2021,30/01/2026,30/01/2026,C:\Users\anish\PycharmProjects\ALGO-Stocks\data\raw\prices_daily\twelvedata\parquets\PX.parquet
PXED,partial,78,09/10/2025,30/01/2026,30/01/2026,C:\Users\anish\PycharmProjects\ALGO-Stocks\data\raw\prices_daily\twelvedata\parquets\PXED.parquet
Q,partial,66,27/10/2025,30/01/2026,30/01/2026,C:\Users\anish\PycharmProjects\ALGO-Stocks\data\raw\prices_daily\twelvedata\parquets\Q.parquet
QXO,partial,418,31/05/2024,30/01/2026,30/01/2026,C:\Users\anish\PycharmProjects\ALGO-Stocks\data\raw\prices_daily\twelvedata\parquets\QXO.parquet
RAL,partial,152,25/06/2025,30/01/2026,30/01/2026,C:\Users\anish\PycharmProjects\ALGO-Stocks\data\raw\prices_daily\twelvedata\parquets\RAL.parquet
RAPP,partial,413,07/06/2024,30/01/2026,30/01/2026,C:\Users\anish\PycharmProjects\ALGO-Stocks\data\raw\prices_daily\twelvedata\parquets\RAPP.parquet
RBRK,partial,443,25/04/2024,30/01/2026,30/01/2026,C:\Users\anish\PycharmProjects\ALGO-Stocks\data\raw\prices_daily\twelvedata\parquets\RBRK.parquet
RDAG,partial,154,23/06/2025,30/01/2026,30/01/2026,C:\Users\anish\PycharmProjects\ALGO-Stocks\data\raw\prices_daily\twelvedata\parquets\RDAG.parquet
RDDT,partial,466,22/03/2024,30/01/2026,30/01/2026,C:\Users\anish\PycharmProjects\ALGO-Stocks\data\raw\prices_daily\twelvedata\parquets\RDDT.parquet
RELY,partial,1093,23/09/2021,30/01/2026,30/01/2026,C:\Users\anish\PycharmProjects\ALGO-Stocks\data\raw\prices_daily\twelvedata\parquets\RELY.parquet
RHLD,partial,236,24/02/2025,30/01/2026,30/01/2026,C:\Users\anish\PycharmProjects\ALGO-Stocks\data\raw\prices_daily\twelvedata\parquets\RHLD.parquet
RIVN,partial,1059,10/11/2021,30/01/2026,30/01/2026,C:\Users\anish\PycharmProjects\ALGO-Stocks\data\raw\prices_daily\twelvedata\parquets\RIVN.parquet
RNGT,partial,46,24/11/2025,30/01/2026,30/01/2026,C:\Users\anish\PycharmProjects\ALGO-Stocks\data\raw\prices_daily\twelvedata\parquets\RNGT.parquet
RR,partial,551,17/11/2023,30/01/2026,30/01/2026,C:\Users\anish\PycharmProjects\ALGO-Stocks\data\raw\prices_daily\twelvedata\parquets\RR.parquet
RTAC,partial,163,09/06/2025,30/01/2026,30/01/2026,C:\Users\anish\PycharmProjects\ALGO-Stocks\data\raw\prices_daily\twelvedata\parquets\RTAC.parquet
RWAY,partial,1074,20/10/2021,30/01/2026,30/01/2026,C:\Users\anish\PycharmProjects\ALGO-Stocks\data\raw\prices_daily\twelvedata\parquets\RWAY.parquet
RXO,partial,817,27/10/2022,30/01/2026,30/01/2026,C:\Users\anish\PycharmProjects\ALGO-Stocks\data\raw\prices_daily\twelvedata\parquets\RXO.parquet
RXST,partial,1131,30/07/2021,30/01/2026,30/01/2026,C:\Users\anish\PycharmProjects\ALGO-Stocks\data\raw\prices_daily\twelvedata\parquets\RXST.parquet
RYAN,partial,1137,22/07/2021,30/01/2026,30/01/2026,C:\Users\anish\PycharmProjects\ALGO-Stocks\data\raw\prices_daily\twelvedata\parquets\RYAN.parquet
S,partial,1152,30/06/2021,30/01/2026,30/01/2026,C:\Users\anish\PycharmProjects\ALGO-Stocks\data\raw\prices_daily\twelvedata\parquets\S.parquet
SAIL,partial,242,13/02/2025,30/01/2026,30/01/2026,C:\Users\anish\PycharmProjects\ALGO-Stocks\data\raw\prices_daily\twelvedata\parquets\SAIL.parquet
SARO,partial,333,02/10/2024,30/01/2026,30/01/2026,C:\Users\anish\PycharmProjects\ALGO-Stocks\data\raw\prices_daily\twelvedata\parquets\SARO.parquet
SBC,partial,348,11/09/2024,30/01/2026,30/01/2026,C:\Users\anish\PycharmProjects\ALGO-Stocks\data\raw\prices_daily\twelvedata\parquets\SBC.parquet
SBXE,partial,6,23/01/2026,30/01/2026,30/01/2026,C:\Users\anish\PycharmProjects\ALGO-Stocks\data\raw\prices_daily\twelvedata\parquets\SBXE.parquet
SDHI,partial,166,04/06/2025,30/01/2026,30/01/2026,C:\Users\anish\PycharmProjects\ALGO-Stocks\data\raw\prices_daily\twelvedata\parquets\SDHI.parquet
SEPN,partial,316,25/10/2024,30/01/2026,30/01/2026,C:\Users\anish\PycharmProjects\ALGO-Stocks\data\raw\prices_daily\twelvedata\parquets\SEPN.parquet
SERV,partial,741,04/01/2021,30/01/2026,30/01/2026,C:\Users\anish\PycharmProjects\ALGO-Stocks\data\raw\prices_daily\twelvedata\parquets\SERV.parquet
SEZL,partial,598,13/09/2023,30/01/2026,30/01/2026,C:\Users\anish\PycharmProjects\ALGO-Stocks\data\raw\prices_daily\twelvedata\parquets\SEZL.parquet
SFD,partial,254,28/01/2025,30/01/2026,30/01/2026,C:\Users\anish\PycharmProjects\ALGO-Stocks\data\raw\prices_daily\twelvedata\parquets\SFD.parquet
SG,partial,1053,18/11/2021,30/01/2026,30/01/2026,C:\Users\anish\PycharmProjects\ALGO-Stocks\data\raw\prices_daily\twelvedata\parquets\SG.parquet
SGHT,partial,1142,15/07/2021,30/01/2026,30/01/2026,C:\Users\anish\PycharmProjects\ALGO-Stocks\data\raw\prices_daily\twelvedata\parquets\SGHT.parquet
SHCO,partial,1140,15/07/2021,28/01/2026,30/01/2026,C:\Users\anish\PycharmProjects\ALGO-Stocks\data\raw\prices_daily\twelvedata\parquets\SHCO.parquet
SIMA,partial,770,04/01/2021,30/01/2026,30/01/2026,C:\Users\anish\PycharmProjects\ALGO-Stocks\data\raw\prices_daily\twelvedata\parquets\SIMA.parquet
SION,partial,246,07/02/2025,30/01/2026,30/01/2026,C:\Users\anish\PycharmProjects\ALGO-Stocks\data\raw\prices_daily\twelvedata\parquets\SION.parquet
SKWD,partial,764,13/01/2023,30/01/2026,30/01/2026,C:\Users\anish\PycharmProjects\ALGO-Stocks\data\raw\prices_daily\twelvedata\parquets\SKWD.parquet
SKYX,partial,996,10/02/2022,30/01/2026,30/01/2026,C:\Users\anish\PycharmProjects\ALGO-Stocks\data\raw\prices_daily\twelvedata\parquets\SKYX.parquet
SLDE,partial,156,18/06/2025,30/01/2026,30/01/2026,C:\Users\anish\PycharmProjects\ALGO-Stocks\data\raw\prices_daily\twelvedata\parquets\SLDE.parquet
SLDP,partial,1182,18/05/2021,30/01/2026,30/01/2026,C:\Users\anish\PycharmProjects\ALGO-Stocks\data\raw\prices_daily\twelvedata\parquets\SLDP.parquet
SLVM,partial,1093,23/09/2021,30/01/2026,30/01/2026,C:\Users\anish\PycharmProjects\ALGO-Stocks\data\raw\prices_daily\twelvedata\parquets\SLVM.parquet
SMR,partial,984,01/03/2022,30/01/2026,30/01/2026,C:\Users\anish\PycharmProjects\ALGO-Stocks\data\raw\prices_daily\twelvedata\parquets\SMR.parquet
SMRT,partial,1113,25/08/2021,30/01/2026,30/01/2026,C:\Users\anish\PycharmProjects\ALGO-Stocks\data\raw\prices_daily\twelvedata\parquets\SMRT.parquet
SN,partial,629,31/07/2023,30/01/2026,30/01/2026,C:\Users\anish\PycharmProjects\ALGO-Stocks\data\raw\prices_daily\twelvedata\parquets\SN.parquet
SNDK,partial,242,13/02/2025,30/01/2026,30/01/2026,C:\Users\anish\PycharmProjects\ALGO-Stocks\data\raw\prices_daily\twelvedata\parquets\SNDK.parquet
SOLS,partial,1118,04/01/2021,30/01/2026,30/01/2026,C:\Users\anish\PycharmProjects\ALGO-Stocks\data\raw\prices_daily\twelvedata\parquets\SOLS.parquet
SOLV,partial,464,26/03/2024,30/01/2026,30/01/2026,C:\Users\anish\PycharmProjects\ALGO-Stocks\data\raw\prices_daily\twelvedata\parquets\SOLV.parquet
SOUN,partial,943,28/04/2022,30/01/2026,30/01/2026,C:\Users\anish\PycharmProjects\ALGO-Stocks\data\raw\prices_daily\twelvedata\parquets\SOUN.parquet
STRC,partial,128,30/07/2025,30/01/2026,30/01/2026,C:\Users\anish\PycharmProjects\ALGO-Stocks\data\raw\prices_daily\twelvedata\parquets\STRC.parquet
STUB,partial,94,17/09/2025,30/01/2026,30/01/2026,C:\Users\anish\PycharmProjects\ALGO-Stocks\data\raw\prices_daily\twelvedata\parquets\STUB.parquet
SUNC,partial,1068,04/01/2021,30/01/2026,30/01/2026,C:\Users\anish\PycharmProjects\ALGO-Stocks\data\raw\prices_daily\twelvedata\parquets\SUNC.parquet
SVAC,partial,229,04/01/2021,30/01/2026,30/01/2026,C:\Users\anish\PycharmProjects\ALGO-Stocks\data\raw\prices_daily\twelvedata\parquets\SVAC.parquet
SVV,partial,650,29/06/2023,30/01/2026,30/01/2026,C:\Users\anish\PycharmProjects\ALGO-Stocks\data\raw\prices_daily\twelvedata\parquets\SVV.parquet
SWIM,partial,1199,23/04/2021,30/01/2026,30/01/2026,C:\Users\anish\PycharmProjects\ALGO-Stocks\data\raw\prices_daily\twelvedata\parquets\SWIM.parquet
TACH,partial,168,02/06/2025,30/01/2026,30/01/2026,C:\Users\anish\PycharmProjects\ALGO-Stocks\data\raw\prices_daily\twelvedata\parquets\TACH.parquet
TACO,partial,165,05/06/2025,30/01/2026,30/01/2026,C:\Users\anish\PycharmProjects\ALGO-Stocks\data\raw\prices_daily\twelvedata\parquets\TACO.parquet
TASK,partial,1166,11/06/2021,30/01/2026,30/01/2026,C:\Users\anish\PycharmProjects\ALGO-Stocks\data\raw\prices_daily\twelvedata\parquets\TASK.parquet
TBLA,partial,1152,30/06/2021,30/01/2026,30/01/2026,C:\Users\anish\PycharmProjects\ALGO-Stocks\data\raw\prices_daily\twelvedata\parquets\TBLA.parquet
TBLD,partial,1133,28/07/2021,30/01/2026,30/01/2026,C:\Users\anish\PycharmProjects\ALGO-Stocks\data\raw\prices_daily\twelvedata\parquets\TBLD.parquet
TCBX,partial,1060,09/11/2021,30/01/2026,30/01/2026,C:\Users\anish\PycharmProjects\ALGO-Stocks\data\raw\prices_daily\twelvedata\parquets\TCBX.parquet
TDAY,partial,56,10/11/2025,30/01/2026,30/01/2026,C:\Users\anish\PycharmProjects\ALGO-Stocks\data\raw\prices_daily\twelvedata\parquets\TDAY.parquet
TEM,partial,408,14/06/2024,30/01/2026,30/01/2026,C:\Users\anish\PycharmProjects\ALGO-Stocks\data\raw\prices_daily\twelvedata\parquets\TEM.parquet
TIC,partial,240,18/02/2025,30/01/2026,30/01/2026,C:\Users\anish\PycharmProjects\ALGO-Stocks\data\raw\prices_daily\twelvedata\parquets\TIC.parquet
TKO,partial,599,12/09/2023,30/01/2026,30/01/2026,C:\Users\anish\PycharmProjects\ALGO-Stocks\data\raw\prices_daily\twelvedata\parquets\TKO.parquet
TLN,partial,398,01/07/2024,30/01/2026,30/01/2026,C:\Users\anish\PycharmProjects\ALGO-Stocks\data\raw\prices_daily\twelvedata\parquets\TLN.parquet
TLNC,partial,79,08/10/2025,30/01/2026,30/01/2026,C:\Users\anish\PycharmProjects\ALGO-Stocks\data\raw\prices_daily\twelvedata\parquets\TLNC.parquet
TOST,partial,1094,22/09/2021,30/01/2026,30/01/2026,C:\Users\anish\PycharmProjects\ALGO-Stocks\data\raw\prices_daily\twelvedata\parquets\TOST.parquet
TPG,partial,1015,13/01/2022,30/01/2026,30/01/2026,C:\Users\anish\PycharmProjects\ALGO-Stocks\data\raw\prices_daily\twelvedata\parquets\TPG.parquet
TRDA,partial,1067,29/10/2021,30/01/2026,30/01/2026,C:\Users\anish\PycharmProjects\ALGO-Stocks\data\raw\prices_daily\twelvedata\parquets\TRDA.parquet
TRON,partial,896,11/08/2021,30/01/2026,30/01/2026,C:\Users\anish\PycharmProjects\ALGO-Stocks\data\raw\prices_daily\twelvedata\parquets\TRON.parquet
TTAN,partial,283,12/12/2024,30/01/2026,30/01/2026,C:\Users\anish\PycharmProjects\ALGO-Stocks\data\raw\prices_daily\twelvedata\parquets\TTAN.parquet
TVA,partial,178,16/05/2025,30/01/2026,30/01/2026,C:\Users\anish\PycharmProjects\ALGO-Stocks\data\raw\prices_daily\twelvedata\parquets\TVA.parquet
TWFG,partial,386,18/07/2024,30/01/2026,30/01/2026,C:\Users\anish\PycharmProjects\ALGO-Stocks\data\raw\prices_daily\twelvedata\parquets\TWFG.parquet
TXO,partial,755,27/01/2023,30/01/2026,30/01/2026,C:\Users\anish\PycharmProjects\ALGO-Stocks\data\raw\prices_daily\twelvedata\parquets\TXO.parquet
TYRA,partial,1099,15/09/2021,30/01/2026,30/01/2026,C:\Users\anish\PycharmProjects\ALGO-Stocks\data\raw\prices_daily\twelvedata\parquets\TYRA.parquet
UDMY,partial,1067,29/10/2021,30/01/2026,30/01/2026,C:\Users\anish\PycharmProjects\ALGO-Stocks\data\raw\prices_daily\twelvedata\parquets\UDMY.parquet
UHAL-B,partial,807,10/11/2022,30/01/2026,30/01/2026,C:\Users\anish\PycharmProjects\ALGO-Stocks\data\raw\prices_daily\twelvedata\parquets\UHAL-B.parquet
ULS,partial,452,12/04/2024,30/01/2026,30/01/2026,C:\Users\anish\PycharmProjects\ALGO-Stocks\data\raw\prices_daily\twelvedata\parquets\ULS.parquet
UMAC,partial,492,14/02/2024,30/01/2026,30/01/2026,C:\Users\anish\PycharmProjects\ALGO-Stocks\data\raw\prices_daily\twelvedata\parquets\UMAC.parquet
UPB,partial,326,11/10/2024,30/01/2026,30/01/2026,C:\Users\anish\PycharmProjects\ALGO-Stocks\data\raw\prices_daily\twelvedata\parquets\UPB.parquet
USAR,partial,227,07/03/2025,30/01/2026,30/01/2026,C:\Users\anish\PycharmProjects\ALGO-Stocks\data\raw\prices_daily\twelvedata\parquets\USAR.parquet
USCB,partial,1136,23/07/2021,30/01/2026,30/01/2026,C:\Users\anish\PycharmProjects\ALGO-Stocks\data\raw\prices_daily\twelvedata\parquets\USCB.parquet
VACH,partial,335,30/09/2024,30/01/2026,30/01/2026,C:\Users\anish\PycharmProjects\ALGO-Stocks\data\raw\prices_daily\twelvedata\parquets\VACH.parquet
VACI,partial,48,20/11/2025,30/01/2026,30/01/2026,C:\Users\anish\PycharmProjects\ALGO-Stocks\data\raw\prices_daily\twelvedata\parquets\VACI.parquet
VCIC,partial,315,28/10/2024,30/01/2026,30/01/2026,C:\Users\anish\PycharmProjects\ALGO-Stocks\data\raw\prices_daily\twelvedata\parquets\VCIC.parquet
VERA,partial,1184,14/05/2021,30/01/2026,30/01/2026,C:\Users\anish\PycharmProjects\ALGO-Stocks\data\raw\prices_daily\twelvedata\parquets\VERA.parquet
VG,partial,256,24/01/2025,30/01/2026,30/01/2026,C:\Users\anish\PycharmProjects\ALGO-Stocks\data\raw\prices_daily\twelvedata\parquets\VG.parquet
VHUB,partial,393,04/01/2021,30/01/2026,30/01/2026,C:\Users\anish\PycharmProjects\ALGO-Stocks\data\raw\prices_daily\twelvedata\parquets\VHUB.parquet
VIA,partial,964,04/01/2021,30/01/2026,30/01/2026,C:\Users\anish\PycharmProjects\ALGO-Stocks\data\raw\prices_daily\twelvedata\parquets\VIA.parquet
VISN,partial,19,05/01/2026,30/01/2026,30/01/2026,C:\Users\anish\PycharmProjects\ALGO-Stocks\data\raw\prices_daily\twelvedata\parquets\VISN.parquet
VLTO,partial,588,27/09/2023,30/01/2026,30/01/2026,C:\Users\anish\PycharmProjects\ALGO-Stocks\data\raw\prices_daily\twelvedata\parquets\VLTO.parquet
VOYG,partial,161,11/06/2025,30/01/2026,30/01/2026,C:\Users\anish\PycharmProjects\ALGO-Stocks\data\raw\prices_daily\twelvedata\parquets\VOYG.parquet
VSCO,partial,1138,21/07/2021,30/01/2026,30/01/2026,C:\Users\anish\PycharmProjects\ALGO-Stocks\data\raw\prices_daily\twelvedata\parquets\VSCO.parquet
VSNT,partial,32,15/12/2025,30/01/2026,30/01/2026,C:\Users\anish\PycharmProjects\ALGO-Stocks\data\raw\prices_daily\twelvedata\parquets\VSNT.parquet
VSTS,partial,588,27/09/2023,30/01/2026,30/01/2026,C:\Users\anish\PycharmProjects\ALGO-Stocks\data\raw\prices_daily\twelvedata\parquets\VSTS.parquet
VTS,partial,767,10/01/2023,30/01/2026,30/01/2026,C:\Users\anish\PycharmProjects\ALGO-Stocks\data\raw\prices_daily\twelvedata\parquets\VTS.parquet
VTYX,partial,1073,21/10/2021,30/01/2026,30/01/2026,C:\Users\anish\PycharmProjects\ALGO-Stocks\data\raw\prices_daily\twelvedata\parquets\VTYX.parquet
WAY,partial,413,07/06/2024,30/01/2026,30/01/2026,C:\Users\anish\PycharmProjects\ALGO-Stocks\data\raw\prices_daily\twelvedata\parquets\WAY.parquet
WBI,partial,94,17/09/2025,30/01/2026,30/01/2026,C:\Users\anish\PycharmProjects\ALGO-Stocks\data\raw\prices_daily\twelvedata\parquets\WBI.parquet
WBTN,partial,400,27/06/2024,30/01/2026,30/01/2026,C:\Users\anish\PycharmProjects\ALGO-Stocks\data\raw\prices_daily\twelvedata\parquets\WBTN.parquet
WEAV,partial,1058,11/11/2021,30/01/2026,30/01/2026,C:\Users\anish\PycharmProjects\ALGO-Stocks\data\raw\prices_daily\twelvedata\parquets\WEAV.parquet
WENN,partial,145,07/07/2025,30/01/2026,30/01/2026,C:\Users\anish\PycharmProjects\ALGO-Stocks\data\raw\prices_daily\twelvedata\parquets\WENN.parquet
WEST,partial,1033,21/10/2021,30/01/2026,30/01/2026,C:\Users\anish\PycharmProjects\ALGO-Stocks\data\raw\prices_daily\twelvedata\parquets\WEST.parquet
WLTH,partial,471,09/09/2021,30/01/2026,30/01/2026,C:\Users\anish\PycharmProjects\ALGO-Stocks\data\raw\prices_daily\twelvedata\parquets\WLTH.parquet
WRBY,partial,1089,29/09/2021,30/01/2026,30/01/2026,C:\Users\anish\PycharmProjects\ALGO-Stocks\data\raw\prices_daily\twelvedata\parquets\WRBY.parquet
WS,partial,541,04/12/2023,30/01/2026,30/01/2026,C:\Users\anish\PycharmProjects\ALGO-Stocks\data\raw\prices_daily\twelvedata\parquets\WS.parquet
WYFI,partial,122,07/08/2025,30/01/2026,30/01/2026,C:\Users\anish\PycharmProjects\ALGO-Stocks\data\raw\prices_daily\twelvedata\parquets\WYFI.parquet
XMTR,partial,1152,30/06/2021,30/01/2026,30/01/2026,C:\Users\anish\PycharmProjects\ALGO-Stocks\data\raw\prices_daily\twelvedata\parquets\XMTR.parquet
XPOF,partial,1136,23/07/2021,30/01/2026,30/01/2026,C:\Users\anish\PycharmProjects\ALGO-Stocks\data\raw\prices_daily\twelvedata\parquets\XPOF.parquet
XRPN,partial,153,24/06/2025,30/01/2026,30/01/2026,C:\Users\anish\PycharmProjects\ALGO-Stocks\data\raw\prices_daily\twelvedata\parquets\XRPN.parquet
XSLLU,partial,4,27/01/2026,30/01/2026,30/01/2026,C:\Users\anish\PycharmProjects\ALGO-Stocks\data\raw\prices_daily\twelvedata\parquets\XSLLU.parquet
XXI,partial,368,13/08/2024,30/01/2026,30/01/2026,C:\Users\anish\PycharmProjects\ALGO-Stocks\data\raw\prices_daily\twelvedata\parquets\XXI.parquet
XZO,partial,59,05/11/2025,30/01/2026,30/01/2026,C:\Users\anish\PycharmProjects\ALGO-Stocks\data\raw\prices_daily\twelvedata\parquets\XZO.parquet
YOU,partial,1152,30/06/2021,30/01/2026,30/01/2026,C:\Users\anish\PycharmProjects\ALGO-Stocks\data\raw\prices_daily\twelvedata\parquets\YOU.parquet
YSS,partial,2,29/01/2026,30/01/2026,30/01/2026,C:\Users\anish\PycharmProjects\ALGO-Stocks\data\raw\prices_daily\twelvedata\parquets\YSS.parquet
ZBIO,partial,346,13/09/2024,30/01/2026,30/01/2026,C:\Users\anish\PycharmProjects\ALGO-Stocks\data\raw\prices_daily\twelvedata\parquets\ZBIO.parquet
ZETA,partial,1166,10/06/2021,30/01/2026,30/01/2026,C:\Users\anish\PycharmProjects\ALGO-Stocks\data\raw\prices_daily\twelvedata\parquets\ZETA.parquet
ZURA,partial,718,21/03/2023,30/01/2026,30/01/2026,C:\Users\anish\PycharmProjects\ALGO-Stocks\data\raw\prices_daily\twelvedata\parquets\ZURA.parquet
